provincia,nombre,direccion,tipo,latlon
asturias,Regimiento de Infantería 'Principe' nº 3,Crta.SI-4 (Noreña - Pruvia) 33510 Siero (Asturias),base/cuartel,"43.408563553099704, -5.735513898952921"
a coruna,Museo Histórico Militar de La Coruña,Plaza Carlos I s/n (15001 - A Coruña),museo,"43.369042499961544, -8.390108136074794"
a coruna,Cuartel General del Mando de Apoyo a la Maniobra (MAM),"Palacio de Capitanía, Pza. de la Constitución 5, 15001 A Coruña",HQ,"43.36935550720724, -8.393303115348731"
pontevedra,Brigada 'Galicia' VII,Base 'General Morillo' 36100 Pontevedra,base/cuartel,"42.38534096872136, -8.65285051297842"
bizkaia,Regimiento de Infantería Garellano Nº 45,"Aritz Bidea 121, Munguía. CP. 48100 Bizkaia",base/cuartel,"43.33854059615865, -2.8046496284541886"
gipuzkoa,USAC Loyola,"Acuartelamiento Loyola, Sierra Aralar Nº 51-53, San Sebastián - 20014 Guipúzcoa",USAC,"43.30800233521162, -1.9646578910212185"
gipuzkoa,"Regimiento de Infantería ""Tercio Viejo de Sicilia"" Nº 67","Acuartelamiento Loyola, Sierra Aralar Nº 51-53, San Sebastián - 20014 Guipúzcoa",base/cuartel,"43.30800233521162, -1.9646578910212185"
sevilla,Cuartel General Fuerza Terrestre del Ejército de Tierra,"Establecimiento Plaza de España. Plaza Ejército Español nº 1, 41004 , Sevilla",HQ,"37.37760808305989, -5.985485072033272"
sevilla,Segunda Subinspección General del Ejército (Sur),"Segunda Subinspección General del Ejército Sur, Acuartelamiento La Borbolla Avda. de la Borbolla 27-29, 41013 Sevilla",base/cuartel,"37.37558304340818, -5.984522803199359"
sevilla,Regimiento de Transmisiones nº32,"Regimiento de Transmisiones nº 32 (Dos Hermanas), Base ""El Copero"", Ctra Isla Menor S/N 41071 Dos Hermanas (Sevilla)",base/cuartel,"37.313644474805145, -6.003948178468454"
sevilla,Regimiento de Artilleria Antiaerea Nº 74,"Regimiento de Artilleria Antiaerea Nº 74 (Sevilla) Base de El Copero, C/ La Isla Menor S/N, 41071 Sevilla",base/cuartel,"37.313644474805145, -6.003948178468454"
sevilla,Batallón de Helicópteros de Maniobra IV,"Base de El Copero, C/ La Isla Menor S/N, 41071 Sevilla",base/cuartel,"37.31366153530396, -6.003722870876405"
sevilla,Agrupación de Apoyo Logístico nº 21,"Agrupación de Apoyo Logístico nº 21, Acuartelamiento Torreblanca, Carretera Sevilla - Málaga 41020 Sevilla.",base/cuartel,"37.38676289549091, -5.927425186689896"
sevilla,Centro de Historia y Cultura Militar Sur,"Centro de Historia y Cultura Militar Sur, Acuartelamiento de la Borbolla, Avenida de la Borbolla, 27-29, 41013 - Sevilla",museo,"37.37558304340818, -5.984522803199359"
sevilla,Museo Histórico Militar de Sevilla,"Museo Histórico Militar de Sevilla, Plaza de España, sn (Puerta de Aragón) 41013 – Sevilla",museo,"37.379084402285436, -5.980077119843001"
sevilla,Biblioteca Historico Militar de Sevilla,"Biblioteca Historico Militar de Sevilla Avda. de Portugal, sn (junto a la Puerta de Aragón) 41004 - Sevilla",biblioteca,"37.379084402285436, -5.980077119843001"
sevilla,Archivo Intermedio Militar Sur,"Archivo Intermedio Militar Sur, Acuartelamiento de la Borbolla Avenida de la Borbolla, 27-29 41013 - Sevilla",biblioteca,"37.37558304340818, -5.984522803199359"
cadiz,Centro de Formación de Tropa nº 2, ,formacion,"36.444852619087676, -6.21615409382788"
cadiz,Regimiento de Artillería de Costa nº 4,"Regimiento de Artillería de Costa nº 4 (San Fernando) Acuartelamiento ""Camposoto"" Carretera de Camposoto S/N, 11120 San Fernando (Cádiz)",base/cuartel,"36.44388448022819, -6.218818523122736"
malaga,Brigada 'Rey Alfonso XIII' II de la Legión,"Brigada 'Rey Alfonso XIII' II de la Legión, Acuartelamiento «Montejaque» Carretera Sevilla S/N, 29400 Ronda Málaga",base/cuartel,"36.76135469667743, -5.188406822393787"
almeria,Brigada 'Rey Alfonso XIII' II de la Legión,"Brigada 'Rey Alfonso XIII' II de la Legión, Base Álvarez Sotomayor, Carretera Campamento S/N 04240 Viator Almería",base/cuartel,"36.89767976823451, -2.4108294563302293"
granada,Mando de Adiestramiento y Doctrina,"Mando de Adiestramiento y Doctrina, Capitanía Pza. San Juan de la Cruz, 26, 18009-GRANADA",formacion,"37.17482564516124, -3.596283959930843"
granada,Mando de Adiestramiento y Doctrina,"Mando de Adiestramiento y Doctrina, La Merced, Acera San Idelfonso, s/n, 18010-GRANADA",formacion,"37.18319605905304, -3.5996151298341266"
cordoba,Brigada 'Guzmán el Bueno' X,"BRIGADA X, Base de Cerro Muriano, Ctra. Córdoba-Badajoz, Km. 253, 14350 Cerro Muriano (Córdoba)",base/cuartel,"38.017074881169066, -4.781047122770005"
cordoba,Parque y Centro de Mantenimiento de Vehículos Ruedas Nº 2,"Carretera de Palma de Río, Km 6,2, El Higuerón (Córdoba) - 14193",otros,"37.86598356768065, -4.85210001859152"
murcia,Regimiento de Artillería Antiaérea Nº 73,"Regimiento de Artillería Antiaérea Nº 73, Cartagena: Acuartelamiento Tentegorra, Crtra. Tentegorra s/n 30205 Cartagena",base/cuartel,"37.60571785726328, -1.0245320587711613"
murcia,INSTITUTO DE HISTORIA Y CULTURA MILITAR,"Instituto de Historia y Cultura Militar, Paseo de Moret, 3, Paseo de Moret, 3, 28008 Madrid",cultural,"40.43296402903661, -3.72284407342204"
murcia,"Brigada ""Almogávares"" VI de Paracaidistas","Regimiento de Infantería ""Zaragoza"" n.º 5, Acuartelamiento ""Santa Bárbara"", Crta.de Torres de Cotillas S/N, 30832 Javalí Nuevo (Murcia)",base/cuartel,"37.99168237969432, -1.2207888578239088"
murcia,USAC TENTEGORRA,"USAC Tentegorra (Cartagena), Acuartelamiento Tentegorra, Carretera Tentegorra, s/n, 30205 Cartagena (Murcia).",USAC,"37.60571785726328, -1.0245320587711613"
alicante,Mando de Operaciones Especiales,"Mando de Operaciones Especiales, Alferez Rojas Navarrete, Camino Fondo Piqueres S/N CP. 03009",base/cuartel,"38.36919100572871, -0.5073394395272421"
valencia,Cuartel General Terrestre de Alta Disponibilidad (CGTAD),"Acuartelamiento de Santo Domingo, Plaza Tetuán nº 22, CP 46003. Valencia",base/cuartel,"39.47391911470304, -0.3694559278520238"
valencia,Cuartel General Terrestre de Alta Disponibilidad (CGTAD),Base militar Jaime I Ctra. Portacoeli s/n 46117 Bétera (Valencia),base/cuartel,"39.61961372837678, -0.4725122381084964"
valencia,HQ NRDC-ESP,"HEADQUARTERS NATO RAPID DEPLOYABLE CORPS-SPAIN, MILITARY BASE ""JAIME I"" HQ NRDC ESP, Ctra. Portacoeli s/n 46117 Bétera (Valencia)",base/cuartel,"39.61961372837678, -0.4725122381084964"
valencia,Mando de Transmisiones,"Cuartel General del Mando de Transmisiones, Base Jaime I, Crta. Portacoeli S/N 46117 Bétera (Valencia).",base/cuartel,"39.61961372837678, -0.4725122381084964"
valencia,"Brigada ""Almogávares"" VI de Paracaidistas","Regimiento de Caballería ""Lusitania"" n.º 8, Base ""General Almirante"", Crta. Marines-Olacua s/n, 46150 Marines (Valencia)",base/cuartel,"39.707879340611335, -0.5696408866007454"
valencia,Regimiento de Artillería Antiaérea Nº 73,"Valencia, Crta. Marines-Olocau s/n 46169 Marines - Valencia",base/cuartel,"39.707879340611335, -0.5696408866007454"
valencia,Regimiento de Transmisiones 21,"Regimiento de Transmisiones Nº 21, Crta. Marines - Olocau S/N, 46150 Valencia.",base/cuartel,"39.707879340611335, -0.5696408866007454"
valencia,Regimiento de Inteligencia nº 1,"C/ Serrano Flores, 446010 - Valencia.",base/cuartel,"39.47146039393845, -0.36077919278228465"
valencia,"Regimiento de Defensa NBQ ""Valencia"" nº 1","Acuartelamiento Daoiz y Velarde, Avenida de las cortes Valencianas nº 49, 46980.- Paterna (Valencia).",base/cuartel,"39.499385845817834, -0.43427733918000627"
valencia,Regimiento de Operaciones de Información nº 1,"Regimiento de Operaciones de Información 1 (ROI 1) Acuartelamiento San Juan de Ribera, C/ Serrano Flores, 6, 46010 Valencia.",base/cuartel,"39.47146039393845, -0.36077919278228465"
valencia,Batallón del Cuartel General Terrestre de Alta Disponibilidad,"BONCGTAD, Base Jaime I, Carretera de Bétera a Porta Coeli s/n, 46117 Bétera, Valencia",base/cuartel,"39.61961372837678, -0.4725122381084964"
valencia,Batallón de Policía Militar I,"Batallón de Policía Militar I, Base ""Jaime I"", Carretera Porta-Coeli S/N, 46117 Valencia",base/cuartel,"39.61961372837678, -0.4725122381084964"
valencia,Museo Histórico Militar de Valencia (Valencia),"C/ General Gil Dolz, 6, 46010 - Valencia",museo,"39.4718641326628, -0.3623249198619371"
valencia,Centro de Historia y Cultura Militar Centro,"Centro de Historia y Cultura Militar Centro, C/ Serrano Flores, 6, 46010 - Valencia",cultural,"39.47146039393845, -0.36077919278228465"
valencia,Museo Histórico Militar de Valencia,"Museo Histórico Militar de Valencia, C/ Gil Dolz, 6, 46010 - Valencia",museo,"39.4718641326628, -0.3623249198619371"
valencia,Archivo Histórico Militar Centro,"Archivo Histórico Militar Centro, C/ Albentosa, sn, 46071 - Valencia",archivo,"39.469715973773326, -0.3608564808075877"
valencia,Biblioteca Histórico Militar de Valencia,"Biblioteca Histórico Militar de Valencia, C/ Archer y Ana Huntington, 1, 46004 - Valencia",cultural,"39.47236809459288, -0.3671666592619916"
valencia,Area de Historia Militar,"Area de Historia Militar, C/ Serrano Flores, 6 46010 - Valencia",cultural,"39.47146039393845, -0.36077919278228465"
barcelona,Inspección General del Ejército,"Inspección General del Ejército, Capitanía General, Paseo Colón, 14, 08002 Barcelona",HQ,"41.379575856705664, 2.1803006939384564"
barcelona,Biblioteca Historico Militar de Barcelona,"Biblioteca Historico Militar de Barcelona, Cuartel del Bruch, Avda. del Ejército, s/n 08034 - Barcelona",biblioteca,"41.386270252836184, 2.1110811700135224"
barcelona,Tercera Subinspección General del Ejército (Pirenaica),"Jefatura de la Tercera Subinspección General del Ejército (Pirenaica), Acuartelamiento, ""Gobierno Militar de Barcelona"", Pza. Portal de la Pau s/n 08002 Barcelona",HQ,"41.37665658027331, 2.1778811827408977"
barcelona,Regimiento de Infantería 'Barcelona' nº 63,"Regimiento de Infanteria 'Barcelona' nº 63, Acuartelamiento 'El Bruch', Avenida del Ejercito S/N 08034 Barcelona.",base/cuartel,"41.386270252836184, 2.1110811700135224"
barcelona,Agrupacion de Apoyo Logistico nº 41,"Acuartelamiento ""Santa Eulalia"", C/ Pau Claris nº 34., 08830 Sant Boi de Llobregat (Barcelona).",base/cuartel,"41.34005160879185, 2.0399946313457353"
girona,Regimiento de Infantería 'Arapiles' 62,"Avenida Campament, s/n, Sant Climent Sescebes (Girona) - 17751",base/cuartel,"42.36921177921862, 2.973896848892665"
girona,Regimiento de Infantería 'Arapiles' 62,"Avinguda del Campament, s/n, 17751 Sant Climent Sescebes, Girona",base/cuartel,"42.36921177921862, 2.973896848892665"
girona,Museo Histórico Militar de Figueras (Figueres-Girona),"Castillo S. Fernando, Calle Subida al Castillo, sn, 17600 - Figueras (Gerona)",museo,"42.273158743877005, 2.9484315754114805"
lleida,Academia General Basica de Suboficiales,"Academia General Basica de Suboficiales, Ctra. Talarn s/n, 25640 TREMP (LLEIDA).",formacion,"42.19956448412811, 0.878836644193001"
badajoz,Brigada 'Extremadura' XI,"Base Militar Gral. Menacho, 06193 Badajoz",base/cuartel,"39.024024325107845, -6.8999109300242365"
caceres,Centro de Formación de Tropa Nº1,"Centro de Formación de Tropa Nº1 (Cáceres), Campamento Santa Ana, Carretera N 630 Km 558",formacion,"39.430058236360324, -6.365682514123944"
ciudad real,Batallón de Helicópteros de Ataque I,BHELA 1 Base de Almagro (Ciudad Real) Fuerzas Aeromóviles Ejército de Tierra (FAMET),base/cuartel,"38.9484172448517, -3.7560504637055367"
toledo,Academia de Infantería,"Academia de Infantería, Cuesta de San Servando S/N, 45071 Toledo.",formacion,"39.859397151755296, -4.014203173048558"
toledo,Museo del ejército,"Alcázar de Toledo, Calle de la Union, s/n, 45001 Toledo",museo,"39.85764997344022, -4.020588500417483"
guadalajara,Archivo militar general de Guadalajara,"Avda. del Ejército, 2, 19004 - Guadalajara",archivo,"40.636020768517874, -3.1689774723581814"
zaragoza,Academia General Militar,"Academia General Militar, Carretera de Huesca S/N, 50090 Zaragoza, España",formacion,"41.69875262215083, -0.8697177904474797"
zaragoza,Academia de Logística,"Dirección: Avda de las Fuerzas Armadas, s/n, 50300, Calatayud (Zaragoza)",formacion,"41.354109403248245, -1.6294900130244816"
zaragoza,Brigada Logística,"Acuartelamiento San Fernando, Paseo del Canal nº 1, 50007 Zaragoza.",base/cuartel,"41.63401572922263, -0.882851804861462"
zaragoza,Regimiento de Pontoneros y Especialidades de Ingenieros nº 12,"Acuartelamiento Sangenis, C.º Alfocea Nº 7, 50120 Monzalbarba (Zaragoza)",base/cuartel,"41.70305735197317, -0.9642266511781147"
zaragoza,Agrupacion de Apoyo Logistico nº 41,"Base San Jorge, Zona D (Capitán Mayoral), Carretera de Huesca, km 508., 50820 Zaragoza.",base/cuartel,"41.72475924523195, -0.8575450473801443"
zaragoza,Brigada Aragón I ,"Ctra. de Huesca, Km 7,5, Zaragoza - 50110",base/cuartel,"41.72486119710474, -0.8581362479957385"
zaragoza,Regimiento de Artillería de Campaña,"Regimiento de Artillería de Campaña nº20, Base "" San Jorge"" (Zona B), Crta. Huesca Km 8,5, 50017 Zaragoza.",base/cuartel,"41.727379228988056, -0.8536243821199245"
zaragoza,"Centro de Adiestramiento ""San Gregorio""","Centro de Adiestramiento 'San Gregorio', Acuartelamiento General Quintana, Crtra. N-330, Km 503, 50071 Zaragoza",formacion,"41.7044031914339, -0.8666428173541947"
zaragoza,Regimiento de Caballería España Nº 11,"Regimiento de Caballería España Nº 11, Base San Jorge (Zona A), Carretera de Huesca S/N; Km. 6,5 50110 Zaragoza.",base/cuartel,"41.71309639095132, -0.8596154264918445"
huesca,Cuartel General de la División 'Castillejos',"Cuartel General de la División ""Castillejos"", Acuartelamiento ""Sancho Ramírez"", División 52 S/N, C.P 22006 Huesca",base/cuartel,"42.14354452738837, -0.39286913971870707"
huesca,Regimiento de Infantería 'Galicia' 64 de Cazadores de Montaña,"Avda. Escuela Militar de Montaña s/n, 22700 Jaca (Huesca)",base/cuartel,"42.577731998080864, -0.5463141952286026"
huesca,Regimiento de Infantería 'Galicia' 64 de Cazadores de Montaña,"Avda. Llanos La Victoria s/n, 22700 Jaca (Huesca)",base/cuartel,"42.56631093408576, -0.5575648728206938"
huesca,Escuela Militar de Montaña y Operaciones Especiales,"Escuela Militar de Montaña y Operaciones Especiales, Acuartelamiento San Bernardo, C/ San Bernardo, s/n, 22700 Jaca (Huesca).",formacion,"42.577731998080864, -0.5463141952286026"
valladolid,Academia de caballería,"Acuartelamiento ""General Shelly"", Paseo Zorrilla nº 2, 47006 Valladolid.",formacion,"41.64789709821813, -4.730754419013538"
valladolid,Academia de caballería,"Acuartelamiento ""Teniente Galiana"", Crta de Rueda Nº 219, 47012 Valladolid",formacion,"41.581764389468, -4.763029306134874"
valladolid,Cuarta Subinspección General del Ejército (Noroeste),"Cuarta Subinspección General del Ejército Noroeste, Acuartelamiento Palacio Real, Plaza de San Pablo nº 1, 47011 Valladolid.",HQ,"41.65668073543892, -4.725705528393312"
valladolid,Agrupación de Apoyo Logístico n.º 61,"Agrupación de Apoyo Logístico n.º 61, Base Militar ""El Empecinado"", Ctra. de Cabezón s/n, 47155 - Santovenia de Pisuerga, Valladolid",otros,"41.703685069563846, -4.663151810656564"
valladolid,Regimiento de Caballería 'FARNESIO' Nº12,"BASE ""EL EMPECINADO"" Base Militar ""El Empecinado"" Crta. Cabezón Km. 7,4 47155 Santovenia de Pisuerga. Valladolid",base/cuartel,"41.703685069563846, -4.663151810656564"
valladolid,"USBA ""El Empecinado""","USBA El Empecinado, Base Militar ""El Empecinado"", Ctra. de Cabezón s/n, 47155 - Santovenia de Pisuerga, Valladolid",USAC,"41.703685069563846, -4.663151810656564"
salamanca,Regimiento de Especialidades de Ingenieros nº 11,Paseo Doctor Torres Villarroel 65 - 37005 - SALAMANCA,base/cuartel,"40.97596196159215, -5.66269013806966"
salamanca,Mando de Ingenieros,Paseo Doctor Torres Villarroel 65 - 37005 - SALAMANCA,HQ,"40.97596196159215, -5.66269013806966"
avila,Archivo General Militar de Ávila,"C/ Vallespín, 19 - 05001 Avila",archivo,"40.656811,-4.702285"
segovia,Archivo General Militar de Segovia,"Archivo General Militar de Segovia - Plaza Reina Victoria Eugenia, s/n. - 40003, Segovia",archivo,"40.952111,-4.130846"
segovia,Academia de Artilleria,"Calle San Francisco nº 25, 40001 Segovia",formacion,"40.94628819288518, -4.1173621472748545"
segovia,Academia de Artilleria,"Carretera de San Rafael S/N, 40006 Segovia",formacion,"40.93107602129498, -4.106844529834872"
burgos,División 'San Marcial',Acuartelamiento Diego Porcelos - Glorieta de Logroño nº 2 - 09006 Burgos.,base/cuartel,"42.34943193781453, -3.6776519036882784"
burgos,Regimiento de Artillería de Campaña nº 11,"BM ""CID CAMPEADOR"" - CN 120 Km 102,7 - 09193 Castrillo del Val - BURGOS",base/cuartel,"42.338618424962334, -3.56880611904332"
burgos,Museo Militar de Burgos,"Plaza Alonso Martínez, sn - 09003 Burgos",museo,"42.34389003398227, -3.69999067794425"
burgos,Regimiento de Transmisiones nº 1,BASE MILITAR CID CAMPEADOR (BURGOS),base/cuartel,"42.338618424962334, -3.56880611904332"
burgos,Regimiento de Transmisiones nº 1,"Acuartelamiento ""Sancho Ramírez"", División 52 S/N, C.P 22006 Huesca",base/cuartel,"42.14354452738837, -0.39286913971870707"
burgos,Regimiento de Ingenieros nº 1,Base Cid Campeador,base/cuartel,"42.338618424962334, -3.56880611904332"
leon,Mando de Artillería de Campaña,"Base ""Conde de Gazola"", Carretera del Campamento s/nº - 24260 El Ferral del Bernesga",base/cuartel,"42.61862161800589, -5.700299196831637"
leon,Regimiento de Artillería Lanzacohetes Campaña nº 63,RALCA 63 - Acuartelamiento Santocildes - Carretera Madrid-Coruña Km 325 - 24700 Astorga (León),base/cuartel,"42.46087381329622, -6.066036629680701"
la rioja,Batallón de Helicópteros de Maniobra III,"Acuartelamiento ""Héroes del Revellín""",base/cuartel,"42.45140982984881, -2.329755748721406"
navarra,"Regimiento de Infantería 'América' 66, de Cazadores de Montaña","Cuartel de Aizoain, Carr. Guipuzcoa, 31195 Berrioplano, Navarra",base/cuartel,"42.84452515811895, -1.6782418631684735"
madrid,Academia de Aviación del Ejército de Tierra,"Base Coronel Mate, Colmenar Viejo",base/cuartel,"40.69678431686607, -3.767064624165291"
madrid,Academia de Aviación del Ejército de Tierra,ACAVIET Almagro,base/cuartel,"38.95062684669096, -3.7417425783252463"
madrid,Academia de Ingenieros,ACING 28240 Hoyo de Manzanares,formacion,"40.629706, -3.875556"
madrid,Agrupación de Apoyo Logístico nº 11,"Base Logística de San Pedro, Colmenar Viejo",base/cuartel,"40.68053153043694, -3.7861641581990146"
madrid,Agrupación de Sanidad nº 1,"Acuartelamiento General Cavalcanti, Crta. M-511 KM 3, 28223 Pozuelo de Alarcón",base/cuartel,"40.40218775265937, -3.8148375250851894"
madrid,Agrupación de Transporte nº 1,"Acuartelamiento San Cristóbal (Canillejas), Avenida de Canillejas a Vicálvaro nº 50, 28022 Madrid",base/cuartel,"40.43807820699785, -3.6139264634990678"
madrid,Agrupación de Transporte nº 1,"Acuartelamiento Primo de Rivera, Rotonda Brigada Paracaidista, s/n, 28805 Alcalá de Henares, (Madrid)",base/cuartel,"40.502037756799425, -3.351636800290367"
madrid,Agrupación de Transporte nº 1,"Acuartelamiento Charco Redondo, Autovía Jerez/Los Barrios salida 80. A 1,5 KM. Por vía de servicio APD. Correos Nº 81 Los Barrios 11370 (Cádiz)",base/cuartel,"36.22158181461096, -5.520010098087465"
madrid,Archivo General Militar de Madrid,"Paseo de Moret nº 3, edificio nº 2 (20008 - Madrid)",archivo,"40.43346841202021, -3.7222236547455863"
madrid,Biblioteca Central Militar,"Paseo de Moret nº 3, edificio nº 2 (20008 - Madrid)",biblioteca,"40.43346841202021, -3.7222236547455863"
madrid,Brigada 'Guadarrama' XII,Base El Goloso,base/cuartel,"40.554969,-3.704463"
madrid,Brigada 'Almogávares' VI de Paraciadistas,"Base Principe, Paracuellos del Jarama",base/cuartel,"40.4922857383051, -3.4794192407595066"
madrid,Centro Deportivo y Sociocultural Militar del Ejército de Tierra 'La Dehesa',Cuatro Vientos,otros,"40.38158078066056, -3.7929547484652972"
madrid,Centro Geográfico del Ejército de Tierra,"Acuartelamiento Alfonso X, Dario Gazapo 8, Madrid",base/cuartel,"40.39150046718797, -3.7795705099633645"
madrid,Cuartel General de la Brigada de Sanidad,"Acuartelamiento General Cavalcanti, Crta. M-511 KM 3, 28223 Pozuelo de Alarcón",base/cuartel,"40.40242125461016, -3.814511472469754"
madrid,Cuartel General del Mando de Artillería Antiaérea,"Acuartelamiento de Artillería de Fuencarral, Carretera de Fuencarral a Alcobendas, núm. 3, L10, 28049 Madrid",base/cuartel,"40.51480093491669, -3.6816402321422483"
madrid,Dirección de Acuartelamiento del Ejército,"Acuartelamiento Palacio de los Consejos, Calle Mayor,79, 28013 Madrid",HQ,"40.4149817018952, -3.712708559335542"
madrid,Dirección de Infraestructura,"Cuartel General del Ejército, C/ Prim, 6-8, 28004 MADRID",HQ,"40.42165684969872, -3.6944783497603138"
madrid,Escuela de Guerra del Ejercito de Tierra,"Escuela de Guerra del Ejército, C/ Santa Cruz de Marcenado, 25, 28015 Madrid",formacion,"40.42948825737891, -3.7121087309246232"
madrid,Escuela Militar de Defensa NBQ,"Academia de Ingenieros, Carretera de Torrelodones a Colmenar Viejo s/n, 28240 Hoyo de Manzanares (Madrid)",formacion,"40.62519733736828, -3.8811171959803623"
madrid,Escuela Politécnica Superior del Ejército de Tierra,"C/Joaquín Costa nº 6, 28002 Madrid",formacion,"40.44600248876095, -3.6879775848854006"
madrid,Fuerzas Aeromóviles del Ejército de Tierra,"Base "" Coronel Maté"", Ctra. de Guadalix Km 1,8, 28770 Colmenar Viejo (Madrid)",base/cuartel,"40.69678431686607, -3.767064624165291"
madrid,Instituto de Historia y Cultura Militar,"Paseo de Moret nº 3, edificio nº 2 (20008 - Madrid)",cultural,"40.43346841202021, -3.7222236547455863"
madrid,Mando de Personal,"Palacio de Buenavista, Calle Prim, 6, 28004 Madrid",HQ,"40.421842128058984, -3.6949630053141678"
madrid,Museo de Medios Acorazados,Base El Goloso,museo,"40.554969,-3.704463"
madrid,Parque y Centro de Abastecimiento de Material de Intendencia,Acuartelamiento San Cristobal (Villaverde),base/cuartel,"40.337982352693906, -3.6908053870801316"
madrid,Parque y Centro de Mantenimiento de Material de Transmisiones,"Acuartelamiento Zarco del Valle, Avenida del Palacio s/nº, 28048 El Pardo, Madrid",base/cuartel,"40.51417452945514, -3.7690969382365"
madrid,Parque y Centro de Mantenimiento de Sistemas Acorazados nº 1,Acuartelamiento San Cristobal (Villaverde),base/cuartel,"40.337982352693906, -3.6908053870801316"
madrid,Patronato de Huérfanos del Ejército de Tierra,Acuartelamiento de San Nicolás,otros,"40.41628842354479, -3.712068008220107"
madrid,Regimiento de Guerra Electrónica nº 31,"Acuartelamiento Zarco del Valle, Avenida del Palacio s/nº, 28048 El Pardo, Madrid",base/cuartel,"40.51417452945514, -3.7690969382365"
madrid,Regimiento de Transmisiones nº 22,"Acuartelamiento ""Capitán Sevillano"", Avda. Radiotelevisión,6, 28223 – Pozuelo de Alarcón, Madrid ESPAÑA",base/cuartel,"40.40738764885846, -3.785810651513384"
madrid,Regimiento de Artillería Antiaérea 71,"Acuartelamiento de Artillería de Fuencarral, Carretera de Fuencarral a Alcobendas, núm. 3, L10, 28049 Madrid",base/cuartel,"40.51480093491669, -3.6816402321422483"
madrid,Regimiento de Infantería 'Inmemorial del Rey' nº 1,"Palacio de Buenavista, Calle Prim, 6, 28004 Madrid",base/cuartel,"40.421842128058984, -3.6949630053141678"
madrid,Regimiento Acorazado 'Alcázar de Toledo' 61,Base El Goloso,base/cuartel,"40.554969,-3.704463"
madrid,Regimiento de Infantería 'Asturias' 31,Base El Goloso,base/cuartel,"40.554969,-3.704463"
madrid,Unidad de Apoyo Logistico Sanitario,Acuartelamiento General Arteaga,base/cuartel,"40.369513393817904, -3.7528281600372475"
madrid,Unidad de Transmisiones del Mando de Artillería Antiaérea,"Acuartelamiento Zarco del Valle, Avenida del Palacio s/nº, 28048 El Pardo, Madrid",base/cuartel,"40.51417452945514, -3.7690969382365"
madrid,Regimiento Acorazado Alcazar de Toledo 61,Base El Goloso,base/cuartel,"40.554969,-3.704463"
santa cruz de tenerife,Mando de Canarias,Palacio de Capitanía - Plaza de Weyler s/n - 38003 Santa Cruz de Tenerife,HQ,"28.467720905550024, -16.256326873452757"
santa cruz de tenerife,Regimiento de Infantería 'Tenerife' Nº 49,Acuartelamiento de Hoya Fría,base/cuartel,"28.43538543905, -16.289318989397508"
santa cruz de tenerife,Regimiento de Artillería nº 93,Acuartelamiento Los Rodeos,base/cuartel,"28.480463682537533, -16.35109702112114"
santa cruz de tenerife,Batallón de Helicópteros de Maniobra VI,Acuartelamiento Los Rodeos,base/cuartel,"28.480463682537533, -16.35109702112114"
santa cruz de tenerife,Batallón de Zapadores XVI,Avenida de Ingenieros S/N. - La Cuesta de Arguijón-C.Postal 38320-San Cristobal de La Laguna. - Santa Cruz de Tenerife,base/cuartel,"28.46587334344752, -16.29063916264615"
santa cruz de tenerife,Batallón de Zapadores XVI,Calle Coronel Roche S/N. - Base General Alemán Ramírez - Las Palmas de GC,base/cuartel,"28.156307194247574, -15.425936686023052"
santa cruz de tenerife,Quinta Subinspección General del Ejército (Canarias),Edificio del Gobierno Militar de Santa cruz de Tenerife - Avenida 25 de Julio nº 1 - 38004 - Santa Cruz de Tenerife.,HQ,"28.468239682035172, -16.256307905396145"
santa cruz de tenerife,Agrupación de Apoyo Logístico nº 81,Acuartelamiento Ofra Vistabella,base/cuartel,"28.464520976953118, -16.288037820501472"
santa cruz de tenerife,Centro de Historia y Cultura Militar,"C/ San Isidro, 2 - 38001 - Santa Cruz de Tenerife (Tenerife)",museo,"28.475465771407034, -16.247685799732565"
santa cruz de tenerife,Museo Histórico Militar de Canarias - Santa Cruz de Tenerife,"C/ San Isidro, 2 - 38001 - Santa Cruz de Tenerife (Tenerife)",museo,"28.475465771407034, -16.247685799732565"
las palmas,Brigada 'Canarias' XVI,Calle Coronel Roche S/N. - Base General Alemán Ramírez - Las Palmas de GC,base/cuartel,"28.156307194247574, -15.425936686023052"
las palmas,Regimiento de Infantería 'Soria' nº 9,Acuartelamiento Puerto Rosario,base/cuartel,"28.50032594572312, -13.8555149775825"
las palmas,Regimiento de Infantería 'Canarias' nº 50,"Base ""General Alemán Ramírez""",base/cuartel,"28.156307194247574, -15.425936686023052"
las palmas,Regimiento de Artillería Antiaérea nº 94,BASE GENERAL ALEMÁN RAMÍREZ,base/cuartel,"28.156307194247574, -15.425936686023052"
las palmas,Batallón del Cuartel General de la Brigada 'Canarias' XVI,BASE GENERAL ALEMAN RAMIREZ,base/cuartel,"28.156307194247574, -15.425936686023052"
las palmas,Grupo Logístico XVI,Base General Alemán Ramírez,base/cuartel,"28.156307194247574, -15.425936686023052"
las palmas,Unidad de Apoyo a la Proyección 'Marques de Herrera',Acuartelamiento Marqués de Herrera,base/cuartel,"28.96863864441524, -13.56116678847014"
baleares,Cuartel General de la Comandancia General de Baleares,"Establecimiento ""Palacio de la Almudaina""",HQ,"39.56809555645755, 2.6474907757395916"
baleares,Regimiento de Infantería 'Palma' nº 47,Acuartelamiento Jaime II,base/cuartel,"39.57437561548152, 2.605428943244172"
baleares,Centro de Historia y Cultura Militar,07002 - Palma de Mallorca,museo,"39.57572404183759, 2.652535976311594"
baleares,"Museo Histórico Militar de San Carlos (Porto Pi, Palma de Mallorca)",07015 - Porto Pi (Palma de Mallorca),museo,"39.546668385132335, 2.624134326619567"
baleares,"Museo Histórico Militar de Menorca (Es Castell, Menorca)",07720 - Es Castell (Menorca),museo,"39.8795413147933, 4.290619874421492"
malaga,Comandancia Naval de Malaga,"Paseo de la Farola, 11, 29016 Málaga",HQ,"36.716735261344645, -4.412542204605293"
huelva,Comandancia Naval de Huelva,"Calle Sanlúcar de Barrameda, 2, 21001 Huelva",HQ,"37.254496922371985, -6.957749464050247"
cadiz,Comandancia Naval de Algeciras,"Av. Hispanidad, 8, 11207 Algeciras, Cádiz",HQ,"36.125711306422545, -5.442490043570996"
almeria,Comandancia Naval de Almería,"Parque de Nicolás Salmerón, 4, 04001 Almería",HQ,"36.83474908391002, -2.4638337860187454"
sevilla,Comandancia Naval de Sevilla,"Av. Molini, 2, 41012 Sevilla",HQ,"37.369223110436565, -5.989283870727669"
cadiz,Comandancia General de Infantería de Marina (COMGEIM),Base Carraca - San Fernando,HQ,"36.49485576653784, -6.181213509847615"
cadiz,Base Naval de Rota,base rota,base/cuartel,"36.63962803401912, -6.339268512937983"
cadiz,Estación Naval de San Fernando (Cádiz),San Fernando,base/cuartel,"36.49485576653784, -6.181213509847615"
cantabria,Comandancia Naval de Santander,"Calle Antonio López, 1, 39009 Santander, Cantabria",HQ,"43.4570097805531, -3.808874983012734"
barcelona,Comandancia Naval de Barcelona,"Carrer del Portal de Santa Madrona, s/n, 08001 Barcelona",HQ,"41.37667546512357, 2.176887622451064"
tarragona,Comandancia Naval de Tarragona,"Moll de la Costa, 43004 Tarragona",HQ,"41.10892960136625, 1.2503564372279234"
alicante,Comandancia Naval de Alicante,"Muelle de levante s/n, 03001 Alicante",HQ,"38.34338420017396, -0.4787652535685979"
valencia,Comandancia Naval de Valencia,"Ingeniero, Avinguda de I'Enginyer Manuel Soto, 17, 46024 Valencia",HQ,"39.4550438739613, -0.33024311313148547"
madrid,Escuela de Guerra Naval,"Calle Marqués de Torroja, 81, 28036 Madrid",formacion,"40.47098175126945, -3.6758430455676097"
madrid,AGRUMAD,"C. de Arturo Soria, 291, 28033 Madrid",base/cuartel,"40.47608298723069, -3.6690656417565197"
cadiz,Tercio de Armada (TEAR),"Paseo Capitán Conforto, 11100 San Fernando, Cádiz",base/cuartel,"36.47798047889582, -6.193284850672226"
a coruna,Fuerza de Protección de la Armada (FUPRO),Estación Naval de la Graña,base/cuartel,"43.474809849681996, -8.261865327451838"
murcia,Fuerza de Guerra Naval Especial (FGNE),Estación Naval de la Algameca en Cartagena,base/cuartel,"37.59052560521093, -1.0117312155800726"
cadiz,Estación Naval de Puntales,11011 Cádiz,base/cuartel,"36.50773608603167, -6.262188168044456"
pontevedra,Escuela Naval Militar,"Plaza España, s/n, 36920 Marín, Pontevedra",formacion,"42.39428113269491, -8.705219317369929"
baleares,Comandancia Naval de Palma de Mallorca,"Carretera Dic de l'Oest, 1, 07015 Palma, Illes Balears",HQ,"39.54907454221914, 2.6222601523993747"
baleares,Comandancia Naval de Ibiza,"Avinguda de Santa Eulària des Riu, 1014, 07800 Eivissa, Illes Balears",HQ,"38.916732331321995, 1.438382515531455"
baleares,Comandancia Naval de Mahón,mahon,HQ,"39.8947719318952, 4.2675162401348885"
las palmas,Comandancia Naval de Las Palmas de Gran Canaria,las palmas,HQ,"28.114164138757825, -15.418522635239816"
santa cruz de tenerife,Comandancia Naval de Santa Cruz de Tenerife,"Rambla de Santa Cruz, 167, 38001 Santa Cruz de Tenerife",HQ,"28.477329835189312, -16.245046971189463"
las palmas,Base Naval Las Palmas,"Calle León y Castillo, 310, 35006 Las Palmas de Gran Canaria, Las Palmas",base/cuartel,"28.134949675657552, -15.428538170099296"
baleares,Base Naval Mahon,Mahon,base/cuartel,"39.8947719318952, 4.2675162401348885"
valladolid,42 Grupo de Fuerzas Aéreas - Localización : Villanubla,"Lugar Base Aérea, s/n, 47620 Villanubla, Valladolid",base/cuartel,"41.7130638605345, -4.851618944819688"
madrid,43 Grupo de Fuerzas Aéreas - Localización : Torrejón de Ardoz,Base Aerea de Torrejon de Ardoz,base/cuartel,"40.47310167589028, -3.447138858459242"
madrid,45 Grupo de Fuerzas Aéreas - Localización : Torrejón de Ardoz,Base Aerea de Torrejon de Ardoz,base/cuartel,"40.47310167589028, -3.447138858459242"
madrid,47 Grupo Mixto de Fuerzas Aéreas - Localización : Torrejón de Ardoz,Base Aerea de Torrejon de Ardoz,base/cuartel,"40.47310167589028, -3.447138858459242"
leon,Academia Básica del Aire (ABA) - Localización : Virgen del Camino,"24198 La Virgen del Camino, León",formacion,"42.58501550842654, -5.6502550271629035"
murcia,Academia General del Aire (AGA) - Localización : Santiago de la Ribera,"Calle Coronel López Peña, s/n, 30730 Santiago de la Ribera, Murcia",formacion,"37.793171766767024, -0.8054397419743642"
navarra,Acuartelamiento Aéreo Bardenas - Localización : Tudela,Bardenas reales,base/cuartel,"42.18667519706419, -1.4827477960160391"
las palmas,Aeródromo Militar de Lanzarote - Localización : San Bartolomé (Lanzarote),base aerea lanzarote,otros,"28.94596275010742, -13.611773057532165"
baleares,Aerodromo Militar de Pollensa - Localización : Port de Pollensa,,otros,"39.90814713834145, 3.102255158446431"
a coruna,Aeródromo Militar de Santiago - Localización : Santiago de Compostela,,otros,"42.90088120420878, -8.421826515813475"
madrid,Agrupación de la Base Aérea de Cuatro Vientos - Localización : Madrid,,base/cuartel,"40.377072078619264, -3.7844087392368415"
madrid,Agrupación de la Base Aérea de Torrejón - Localización : Torrejón de Ardoz,Base Aerea de Torrejon de Ardoz,base/cuartel,"40.47310167589028, -3.447138858459242"
zaragoza,Agrupación de la Base Aérea de Zaragoza - Localización : Zaragoza,"Carr. del Aeropuerto, s/n, 50071 Zaragoza",base/cuartel,"41.67035648252053, -1.0168903317862037"
madrid,Agrupación del Acuartelamiento Aéreo Getafe - Localización : Getafe,Base Aerea Getafe,base/cuartel,"40.30614022895483, -3.7200526036119124"
sevilla,Agrupación del Acuartelamiento Aéreo Tablada - Localización : Tablada,Base Aerea de Tablada,base/cuartel,"37.367059765836686, -6.003857673144269"
madrid,Agrupación del Cuartel General del Ejército del Aire (ACGEA) - Localización : Madrid,moncloa,HQ,"40.433900710326476, -3.7192571845097993"
sevilla,Ala 11 - Localización : Morón de la Frontera,Base Aerea de Moron,base/cuartel,"37.156104657352074, -5.606223088114158"
madrid,Ala 12 - Localización : Torrejón de Ardoz,Base Aerea de Torrejon de Ardoz,base/cuartel,"40.47310167589028, -3.447138858459242"
albacete,Ala 14 - Localización : Albacete,los llanos,base/cuartel,"38.95485848651085, -1.871741467879197"
zaragoza,Ala 15 - Localización : Zaragoza,"Carr. del Aeropuerto, s/n, 50071 Zaragoza",base/cuartel,"41.67035648252053, -1.0168903317862037"
badajoz,Ala 23 - Localización : Talavera la Real,,base/cuartel,"38.881988357149744, -6.815269887169672"
zaragoza,Ala 31 - Localización : Zaragoza,"Carr. del Aeropuerto, s/n, 50071 Zaragoza",base/cuartel,"41.67035648252053, -1.0168903317862037"
madrid,Ala 35 - Localización : Getafe,Base Aerea Getafe,base/cuartel,"40.30614022895483, -3.7200526036119124"
valladolid,Ala 37 - Localización : Villanubla,"Lugar Base Aérea, s/n, 47620 Villanubla, Valladolid",base/cuartel,"41.7130638605345, -4.851618944819688"
las palmas,Ala 46 - Localización : Telde,gando,base/cuartel,"27.936279498531526, -15.375004520890824"
madrid,Ala 48 (803 y 402 Escuadrón de Fuerzas Aéreas) - Localización : Madrid / Getafe,Base Aerea Getafe,base/cuartel,"40.30614022895483, -3.7200526036119124"
baleares,Ala 49 / RCC Palma - Localización : Palma de Mallorca,base aerea son san juan,base/cuartel,"39.56418053320486, 2.748552108009161"
granada,Ala 78 - Localización : Armilla,"Calle Tierno Galván, 36, 18100 Armilla, Granada",base/cuartel,"37.136066890798304, -3.6311399093658125"
malaga,Base Aérea de Málaga - Localización : Málaga,"Av. de Velázquez, 404, 29004 Málaga",base/cuartel,"36.6605836716643, -4.484953024796422"
madrid,Centro Cartográfico y Fotográfico (CECAF) - Localización : Madrid *,"Calle Darío Gazapo, 8, 28024 Madrid",otros,"40.39258990480969, -3.7784641888618062"
las palmas,Centro Coordinador de Salvamento de Canarias (RCC Canarias) - Localización : Gando,gando,otros,"27.936279498531526, -15.375004520890824"
madrid,Centro Coordinador de Salvamento de Madrid (RCC Madrid) - Localización : Torrejón de Ardoz,Base Aerea de Torrejon de Ardoz,base/cuartel,"40.47310167589028, -3.447138858459242"
madrid,Centro de Instrucción de Medicina Aeroespacial (CIMA) - Localización : Torrejón de Ardoz,Base Aerea de Torrejon de Ardoz,base/cuartel,"40.47310167589028, -3.447138858459242"
madrid,Centro de Sistemas Aeroespaciales de Observación (CESAEROB) - Localización : Torrejón de Ardoz,Base Aerea de Torrejon de Ardoz,base/cuartel,"40.47310167589028, -3.447138858459242"
madrid,Centro Logístico de Armamento y Experimentación (CLAEX) - Localización : Torrejón de Ardoz,Base Aerea de Torrejon de Ardoz,base/cuartel,"40.47310167589028, -3.447138858459242"
madrid,Centro Logístico de Intendencia (CLOIN) - Localización : Torrejón de Ardoz,Base Aerea de Torrejon de Ardoz,base/cuartel,"40.47310167589028, -3.447138858459242"
madrid,Centro Logístico de Material de Apoyo (CLOMA) - Localización : Getafe *,Base Aerea Getafe,base/cuartel,"40.30614022895483, -3.7200526036119124"
madrid,Centro Logístico de Transmisiones (CLOTRA) - Localización : Getafe,Base Aerea Getafe,base/cuartel,"40.30614022895483, -3.7200526036119124"
zaragoza,Componente Nacional del Centro Europeo de Transporte Aereo Táctico (CN-ETAC) - Localización : Zaragoza,"Carr. del Aeropuerto, s/n, 50071 Zaragoza",base/cuartel,"41.67035648252053, -1.0168903317862037"
albacete,Componente Nacional Tactical Leadership Programme (CN-TLP) - Localización : Albacete,los llanos,base/cuartel,"38.95485848651085, -1.871741467879197"
zaragoza,Enfermería del Mando Aéreo General (Zaragoza) - Localización : Zaragoza,"Carr. del Aeropuerto, s/n, 50071 Zaragoza",base/cuartel,"41.67035648252053, -1.0168903317862037"
zaragoza,Escuadrón de Apoyo al Despliegue Aéreo (EADA) - Localización : Zaragoza,"Carr. del Aeropuerto, s/n, 50071 Zaragoza",base/cuartel,"41.67035648252053, -1.0168903317862037"
madrid,Escuadrón de Enseñanza de Automoción (EEAUTO) - Localización : Getafe,Base Aerea Getafe,base/cuartel,"40.30614022895483, -3.7200526036119124"
zaragoza,Escuadrón de Vigilancia Aérea nº1 (EVA 1) y Acuartelamiento Aéreo El Frasno - Localización : El Frasno,"50320 El Frasno, Zaragoza",base/cuartel,"41.40729088561954, -1.4951420837183151"
a coruna,Escuadrón de Vigilancia Aérea nº10 (EVA 10) y Acuartelamiento Aéreo Barbanza - Localización : Noya,,base/cuartel,"42.7218343012606, -8.92186540549903"
cadiz,Escuadrón de Vigilancia Aérea nº11 (EVA 11) y Acuartelamiento Aéreo Alcalá de los Gazules - Localización : Alcalá de los Gazules,,base/cuartel,"36.48060793374913, -5.601419338470402"
burgos,Escuadrón de Vigilancia Aérea nº12 (EVA 12) y Acuartelamiento Aéreo Espinosa de los Monteros - Localización : Espinosa de los Monteros,Picón del Fraile,base/cuartel,"43.1798529337151, -3.649461458365994"
murcia,Escuadrón de Vigilancia Aérea nº13 (EVA 13) y Acuartelamiento Aéreo Sierra Espuña - Localización : Totana,,base/cuartel,"37.86347212200949, -1.5758364135626794"
toledo,Escuadrón de Vigilancia Aérea nº2 (EVA 2) y Acuartelamiento Aéreo Villatobas - Localización : Villatobas,,base/cuartel,"39.88749, -3.30324"
las palmas,Escuadrón de Vigilancia Aérea nº21 (EVA 21) - Localización : Vega de San Mateo,,base/cuartel,"27.96308, -15.57159"
las palmas,Escuadrón de Vigilancia Aérea nº22 (EVA 22) - Localización : Haría (Lanzarote),,base/cuartel,"29.12016, -13.52091"
sevilla,Escuadrón de Vigilancia Aérea nº3 (EVA 3) y Acuartelamiento Aéreo Constantina - Localización : Constantina,,base/cuartel,"37.92483, -5.60066"
girona,Escuadrón de Vigilancia Aérea nº4 (EVA 4) y Acuartelamiento Aéreo Rosas - Localización : Rosas,,base/cuartel,"42.28228, 3.24220"
alicante,Escuadrón de Vigilancia Aérea nº5 (EVA 5) y Acuartelamiento Aéreo Aitana - Localización : Alcoy,,base/cuartel,"38.64965, -0.26690"
baleares,Escuadrón de Vigilancia Aérea nº7 (EVA 7) y Acuartelamiento Aéreo Puig Mayor - Localización : Sóller,,base/cuartel,"39.80761, 2.79382"
granada,Escuadrón de Vigilancia Aérea nº9 (EVA 9) y Acuartelamiento Aéreo Motril - Localización : Motril,,base/cuartel,"36.74365, -3.41685"
murcia,Escuadrón de Zapadores Paracaidistas (EZAPAC) - Localización : Alcantarilla,"Av. de Lorca, S/N, 30820 Sangonera la Seca, Murcia",base/cuartel,"37.95834692604764, -1.2299901584807769"
madrid,Escuela de Técnicas Aeronáuticas (ESTAER) - Localización : Torrejón de Ardoz,Base Aerea de Torrejon de Ardoz,base/cuartel,"40.47310167589028, -3.447138858459242"
madrid,"Escuela de Técnicas de Mando, Control y Telecomunicaciones (EMACOT) - Localización : Madrid",,formacion,"40.36819216263482, -3.803434054993628"
zaragoza,"Escuela de Técnicas de Seguridad, Defensa y Apoyo (ETESDA) - Localización : Zaragoza",,formacion,"41.65483276242518, -1.0537682854434556"
murcia,Escuela Militar de Paracaidismo Méndez Parada - Localización : Sangonera la Seca,,formacion,"37.959143090160296, -1.2269539959343028"
madrid,Grupo Central de Mando y Control (GRUCEMAC) - Localización : Torrejón de Ardoz,Base Aerea de Torrejon de Ardoz,base/cuartel,"40.47310167589028, -3.447138858459242"
las palmas,Grupo de Alerta y Control (GRUALERCON) - Localización : Gando,,base/cuartel,"27.936279498531526, -15.375004520890824"
madrid,Grupo de Automóviles (GRUAUT) - Localización : Getafe,Base Aerea Getafe,base/cuartel,"40.30614022895483, -3.7200526036119124"
salamanca,Grupo de Escuelas de Matacán (GRUEMA) - Localización : Villagonzalo de Tormes,Base Aerea Matacan,base/cuartel,"40.94622250697004, -5.490288000085203"
las palmas,Grupo del Cuartel General del Mando Aéreo de Canarias - Localización : Las Palmas de Gran Canaria,"Calle Alejandro Hidalgo, 24, 35005 Las Palmas de Gran Canaria, Las Palmas",HQ,"28.1215469415647, -15.430775211642523"
madrid,Grupo de Transmisiones (GRUTRA) - Localización : Getafe,Base Aerea Getafe,base/cuartel,"40.30614022895483, -3.7200526036119124"
sevilla,Grupo Móvil de Control Aéreo (GRUMOCA) - Localización : Sevilla,sevilla,HQ,"37.36696557835127, -6.003767389242613"
zaragoza,Grupo Norte de Mando y Control (GRUNOMAC) - Localización : Zaragoza,"Carr. del Aeropuerto, s/n, 50071 Zaragoza",HQ,"41.67035648252053, -1.0168903317862037"
madrid,Jefatura del Sistema de Mando y Control (JSMC) - Localización : Torrejón de Ardoz,Base Aerea de Torrejon de Ardoz,base/cuartel,"40.47310167589028, -3.447138858459242"
zaragoza,Jefatura de Movilidad Aérea (JMOVA) - Localización : Zaragoza,"Carr. del Aeropuerto, s/n, 50071 Zaragoza",HQ,"41.67035648252053, -1.0168903317862037"
albacete,Maestranza Aérea de Albacete (MAESAL) - Localización : Albacete,"Carretera de las Peñas de San Pedro, km 3.8, 02071 Albacete",base/cuartel,"38.953064733867514, -1.865186671022653"
madrid,Maestranza Aérea de Madrid (MAESMA) - Localización : Madrid,,base/cuartel,"40.375311200250756, -3.787982571188826"
sevilla,Maestranza Aérea de Sevilla (MAESE) - Localización : Tablada,Base Aerea de Tablada,base/cuartel,"37.367059765836686, -6.003857673144269"
las palmas,Mando Aéreo de Canarias (MACAN) - Localización : Las Palmas de Gran Canaria,"Calle Alejandro Hidalgo, 24, 35005 Las Palmas de Gran Canaria, Las Palmas",HQ,"28.1215469415647, -15.430775211642523"
madrid,Mando Aéreo de Combate (MACOM) - Localización : Torrejón de Ardoz,Base Aerea de Torrejon de Ardoz,HQ,"40.47310167589028, -3.447138858459242"
madrid,Mando Aéreo General (MAGEN) - Localización : Madrid,moncloa,HQ,"40.433900710326476, -3.7192571845097993"
madrid,Mando de Apoyo Logístico (MALOG) - Localización : Madrid,getafe,HQ,"40.30771488650451, -3.7193612410661485"
sevilla,Segundo Escuadrón de Apoyo al Despliegue Aéreo (SEADA) - Localización : Morón de la Frontera,Base Aerea de Moron,HQ,"41.67035648252053, -1.0168903317862037"
madrid,Unidad Médica Aérea de Apoyo al Despliegue (UMAAD-Madrid) - Localización : Torrejón de Ardoz,Base Aerea de Torrejon de Ardoz,otros,"40.47310167589028, -3.447138858459242"
zaragoza,Unidad Médica Aérea de Apoyo al Despliegue (UMAAD-Zaragoza) - Localización : Zaragoza,"Carr. del Aeropuerto, s/n, 50071 Zaragoza",otros,"41.67035648252053, -1.0168903317862037"
madrid,Unidad Médica de Aeroevacuación (UMAER) - Localización : Torrejón de Ardoz,Base Aerea de Torrejon de Ardoz,base/cuartel,"40.47310167589028, -3.447138858459242"
